"country","overall_points","points_season","title_datawrapper_overall","text_datawrapper_overall","title_datawrapper_season","text_datawrapper_season"
"England",88.855,"2.285","England: 88.857 points","Manchester City: <b>16.571</b> (18.6%)<br>Chelsea: <b>15.571</b> (17.5%)<br>Liverpool: <b>15.429</b> (17.4%)<br>Manchester United: <b>12.143</b> (13.7%)<br>Tottenham Hotspur: <b>10.214</b> (11.5%)<br>Arsenal: <b>8.429</b> (9.5%)<br>Leicester City: <b>3.857</b> (4.3%)<br>Wolverhampton Wanderers: <b>3.143</b> (3.5%)<br>West Ham United: <b>3</b> (3.4%)<br>Burnley FC: <b>0.5</b> (0.6%)<br>","England: 2.286 points","Chelsea: <b>0.571</b> (25%, not out)<br>Tottenham Hotspur: <b>0.571</b> (25%, not out)<br>Manchester City: <b>0.571</b> (25%, not out)<br>Liverpool: <b>0.571</b> (25%, not out)<br>Manchester United: <b>0</b> (0%, not out)<br>West Ham United: <b>0</b> (0%, not out)<br>Arsenal: <b>0</b> (0%, not out)<br>"
"Spain",78.712,"2.285","Spain: 78.714 points","Real Madrid: <b>13.714</b> (17.4%)<br>FC Barcelona: <b>13.714</b> (17.4%)<br>Sevilla: <b>11.714</b> (14.9%)<br>Atlético Madrid: <b>11.571</b> (14.7%)<br>Villarreal: <b>10</b> (12.7%)<br>Valencia: <b>5.714</b> (7.3%)<br>Real Betis: <b>3.429</b> (4.4%)<br>Real Sociedad: <b>2.571</b> (3.3%)<br>Granada CF: <b>2.5</b> (3.2%)<br>Espanyol: <b>2.214</b> (2.8%)<br>Getafe: <b>1.571</b> (2%)<br>","Spain: 2.286 points","FC Barcelona: <b>0.571</b> (25%, not out)<br>Sevilla: <b>0.571</b> (25%, not out)<br>Atlético Madrid: <b>0.571</b> (25%, not out)<br>Real Madrid: <b>0.571</b> (25%, not out)<br>Real Betis: <b>0</b> (0%, not out)<br>Villarreal: <b>0</b> (0%, not out)<br>Real Sociedad: <b>0</b> (0%, not out)<br>"
"Germany",67.856,"2.500","Germany: 67.857 points","Bayern München: <b>16.071</b> (23.7%)<br>RB Leipzig: <b>11</b> (16.2%)<br>Borussia Dortmund: <b>10.357</b> (15.3%)<br>Eintracht Frankfurt: <b>9.929</b> (14.6%)<br>Bayer Leverkusen: <b>8.071</b> (11.9%)<br>VfL Wolfsburg: <b>3.357</b> (4.9%)<br>Borussia Mönchengladbach: <b>3</b> (4.4%)<br>1899 Hoffenheim: <b>2.714</b> (4%)<br>Schalke 04: <b>2.429</b> (3.6%)<br>Union Berlin: <b>0.929</b> (1.4%)<br>1.FC Köln: <b>0</b> (0%)<br>SC Freiburg: <b>0</b> (0%)<br>","Germany: 2.5 points","Bayern München: <b>0.5</b> (20%, not out)<br>Eintracht Frankfurt: <b>0.5</b> (20%, not out)<br>Borussia Dortmund: <b>0.5</b> (20%, not out)<br>RB Leipzig: <b>0.5</b> (20%, not out)<br>Bayer Leverkusen: <b>0.5</b> (20%, not out)<br>1.FC Köln: <b>0</b> (0%, not out)<br>SC Freiburg: <b>0</b> (0%, not out)<br>Union Berlin: <b>0</b> (0%, not out)<br>"
"Italy",61.854,"2.285","Italy: 61.857 points","Juventus: <b>12.571</b> (20.3%)<br>AS Roma: <b>11</b> (17.8%)<br>Internazionale: <b>10.143</b> (16.4%)<br>Atalanta: <b>8.786</b> (14.2%)<br>Napoli: <b>8.714</b> (14.1%)<br>Lazio: <b>5.286</b> (8.5%)<br>AC Milan: <b>4.857</b> (7.9%)<br>Torino: <b>0.5</b> (0.8%)<br>Fiorentina: <b>0</b> (0%)<br>","Italy: 2.286 points","Napoli: <b>0.571</b> (25%, not out)<br>AC Milan: <b>0.571</b> (25%, not out)<br>Juventus: <b>0.571</b> (25%, not out)<br>Internazionale: <b>0.571</b> (25%, not out)<br>Fiorentina: <b>0</b> (0%, not out)<br>AS Roma: <b>0</b> (0%, not out)<br>Lazio: <b>0</b> (0%, not out)<br>"
"France",49.914,"1.333","France: 49.917 points","Paris Saint-Germain: <b>16.167</b> (32.4%)<br>Olympique Lyonnais: <b>10.167</b> (20.4%)<br>Stade Rennais: <b>5.833</b> (11.7%)<br>Olympique Marseille: <b>5.167</b> (10.4%)<br>Lille OSC: <b>5</b> (10%)<br>AS Monaco: <b>3.75</b> (7.5%)<br>Girondins Bordeaux: <b>1.75</b> (3.5%)<br>RC Strasbourg: <b>0.667</b> (1.3%)<br>AS Saint-Étienne: <b>0.667</b> (1.3%)<br>Stade de Reims: <b>0.417</b> (0.8%)<br>OGC Nice: <b>0.333</b> (0.7%)<br>FC Nantes: <b>0</b> (0%)<br>","France: 1.333 points","Olympique Marseille: <b>0.667</b> (50%, not out)<br>Paris Saint-Germain: <b>0.667</b> (50%, not out)<br>OGC Nice: <b>0</b> (0%, not out)<br>AS Monaco: <b>0</b> (0%, not out)<br>Stade Rennais: <b>0</b> (0%, not out)<br>FC Nantes: <b>0</b> (0%, not out)<br>"
"Netherlands",47.2,"0.800","Netherlands: 47.2 points","Ajax: <b>18.6</b> (39.4%)<br>PSV Eindhoven: <b>9.8</b> (20.8%)<br>Feyenoord: <b>8.1</b> (17.2%)<br>AZ Alkmaar: <b>7.1</b> (15%)<br>Vitesse Arnhem: <b>3.1</b> (6.6%)<br>Willem II Tilburg: <b>0.4</b> (0.8%)<br>FC Utrecht: <b>0.1</b> (0.2%)<br>FC Twente Enschede: <b>0</b> (0%)<br>","Netherlands: 0.8 points","Ajax: <b>0.8</b> (100%, not out)<br>PSV Eindhoven: <b>0</b> (0%, not out)<br>FC Twente Enschede: <b>0</b> (0%, not out)<br>Feyenoord: <b>0</b> (0%, not out)<br>AZ Alkmaar: <b>0</b> (0%, not out)<br>"
"Portugal",45.049,"1.333","Portugal: 45.05 points","FC Porto: <b>13.633</b> (30.3%)<br>Benfica: <b>12.017</b> (26.7%)<br>Sporting Braga: <b>7.8</b> (17.3%)<br>Sporting CP Lisbon: <b>7.733</b> (17.2%)<br>Vitória Guimarães: <b>1.9</b> (4.2%)<br>CD Santa Clara: <b>0.833</b> (1.8%)<br>Rio Ave: <b>0.8</b> (1.8%)<br>Paços de Ferreira: <b>0.333</b> (0.7%)<br>Gil Vicente: <b>0</b> (0%)<br>","Portugal: 1.333 points","FC Porto: <b>0.667</b> (50%, not out)<br>Sporting CP Lisbon: <b>0.667</b> (50%, not out)<br>Vitória Guimarães: <b>0</b> (0%, not out)<br>Benfica: <b>0</b> (0%, not out)<br>Sporting Braga: <b>0</b> (0%, not out)<br>Gil Vicente: <b>0</b> (0%, not out)<br>"
"Scotland",33.7,"0.800","Scotland: 33.7 points","Rangers: <b>16.825</b> (49.9%)<br>Celtic: <b>11.7</b> (34.7%)<br>Aberdeen: <b>2.475</b> (7.3%)<br>Hibernian: <b>1.5</b> (4.5%)<br>Motherwell: <b>0.75</b> (2.2%)<br>Kilmarnock: <b>0.25</b> (0.7%)<br>St. Johnstone: <b>0.2</b> (0.6%)<br>Dundee United: <b>0</b> (0%)<br>Hearts FC: <b>0</b> (0%)<br>","Scotland: 0.8 points","Celtic: <b>0.8</b> (100%, not out)<br>Dundee United: <b>0</b> (0%, not out)<br>Hearts FC: <b>0</b> (0%, not out)<br>Motherwell: <b>0</b> (0%, not out)<br>Rangers: <b>0</b> (0%, not out)<br>"
"Austria",29.9,"0.800","Austria: 29.9 points","FC Salzburg: <b>12.2</b> (40.8%)<br>LASK: <b>8.5</b> (28.4%)<br>Rapid Wien: <b>5.2</b> (17.4%)<br>Wolfsberger AC: <b>2.2</b> (7.4%)<br>Sturm Graz: <b>1</b> (3.3%)<br>LASK Linz: <b>0.6</b> (2%)<br>Austria Wien: <b>0.1</b> (0.3%)<br>TSV Hartberg: <b>0.1</b> (0.3%)<br>Admira Wacker: <b>0</b> (0%)<br>","Austria: 0.8 points","FC Salzburg: <b>0.8</b> (100%, not out)<br>Austria Wien: <b>0</b> (0%, not out)<br>Rapid Wien: <b>0</b> (0%, not out)<br>Wolfsberger AC: <b>0</b> (0%, not out)<br>Sturm Graz: <b>0</b> (0%, not out)<br>"
"Belgium",28.8,"0.800","Belgium: 28.8 points","Club Brugge: <b>8.9</b> (30.9%)<br>AA Gent: <b>6.5</b> (22.6%)<br>Racing Genk: <b>4.8</b> (16.7%)<br>Standard Liège: <b>4.2</b> (14.6%)<br>Royal Antwerp: <b>2.9</b> (10.1%)<br>Anderlecht: <b>1.1</b> (3.8%)<br>Charleroi: <b>0.4</b> (1.4%)<br>Union Saint-Gilloise: <b>0</b> (0%)<br>","Belgium: 0.8 points","Club Brugge: <b>0.8</b> (100%, not out)<br>Royal Antwerp: <b>0</b> (0%, not out)<br>AA Gent: <b>0</b> (0%, not out)<br>Anderlecht: <b>0</b> (0%, not out)<br>Union Saint-Gilloise: <b>0</b> (0%, not out)<br>"
"Serbia",27,"0.000","Serbia: 27 points","Crvena zvezda: <b>14.375</b> (53.2%)<br>Partizan Belgrade: <b>8.75</b> (32.4%)<br>Cukaricki Belgrade: <b>1.25</b> (4.6%)<br>Radnicki Nis: <b>0.75</b> (2.8%)<br>Vojvodina Novi Sad: <b>0.625</b> (2.3%)<br>Spartak Subotica: <b>0.625</b> (2.3%)<br>TSC Backa Topola: <b>0.625</b> (2.3%)<br>","Serbia: 0 points","Cukaricki Belgrade: <b>0</b> (0%, not out)<br>Partizan Belgrade: <b>0</b> (0%, not out)<br>Radnicki Nis: <b>0</b> (0%, not out)<br>Crvena zvezda: <b>0</b> (0%, not out)<br>"
"Russian Federation",26.215,"4.333","Russia: 26.216 points","Zenit St. Petersburg: <b>6.133</b> (23.4%)<br>FK Krasnodar: <b>4.667</b> (17.8%)<br>Lokomotiv Moscow: <b>3.567</b> (13.6%)<br>Spartak Moscow: <b>3.483</b> (13.3%)<br>CSKA Moscow: <b>2.667</b> (10.2%)<br>FC Sochi: <b>0.6</b> (2.3%)<br>FC Ufa: <b>0.5</b> (1.9%)<br>Rubin Kazan: <b>0.1</b> (0.4%)<br>FK Rostov: <b>0.083</b> (0.3%)<br>Dinamo Moscow: <b>0.083</b> (0.3%)<br>Arsenal Tula: <b>0</b> (0%)<br>","Russia: 4.333 points","Due to the war in Ukraine, the Russian Federation got excluded from all UEFA competitions. They recieved 4.333 points for the country ranking, which is the lowest number they have earned in any of the last five seasons."
"Ukraine",24.7,"0.900","Ukraine: 24.7 points","Shakhtar Donetsk: <b>11.9</b> (48.2%)<br>Dynamo Kyiv: <b>7.6</b> (30.8%)<br>Zorya Luhansk: <b>2.9</b> (11.7%)<br>Kolos Kovalivka: <b>0.6</b> (2.4%)<br>FC Oleksandriya: <b>0.6</b> (2.4%)<br>Vorskla Poltava: <b>0.5</b> (2%)<br>FC Mariupol: <b>0.4</b> (1.6%)<br>Desna Chernihiv: <b>0.1</b> (0.4%)<br>Dinamo Kyiv: <b>0.1</b> (0.4%)<br>SC Dnipro-1: <b>0</b> (0%)<br>","Ukraine: 0.9 points","Shakhtar Donetsk: <b>0.8</b> (88.9%, not out)<br>Dinamo Kyiv: <b>0.1</b> (11.1%, not out)<br>Vorskla Poltava: <b>0</b> (0%, not out)<br>SC Dnipro-1: <b>0</b> (0%, not out)<br>Zorya Luhansk: <b>0</b> (0%, not out)<br>"
"Norway",23.5,"0.250","Norway: 23.5 points","Molde FK: <b>7.25</b> (30.9%)<br>Bodø/Glimt: <b>7</b> (29.8%)<br>Rosenborg BK: <b>5.5</b> (23.4%)<br>Sarpsborg 08: <b>2.375</b> (10.1%)<br>FK Haugesund: <b>0.875</b> (3.7%)<br>Vålerengens IF: <b>0.25</b> (1.1%)<br>Viking Stavanger: <b>0.125</b> (0.5%)<br>SK Brann Bergen: <b>0.125</b> (0.5%)<br>Lillestrøm SK: <b>0</b> (0%)<br>","Norway: 0.25 points","Bodø/Glimt: <b>0.25</b> (100%, not out)<br>Viking Stavanger: <b>0</b> (0%, not out)<br>Molde FK: <b>0</b> (0%, not out)<br>Lillestrøm SK: <b>0</b> (0%, not out)<br>"
"Greece",23.225,"0.125","Greece: 23.225 points","Olympiakos Piraeus: <b>10.95</b> (47.1%)<br>PAOK Thessaloniki: <b>7.475</b> (32.2%)<br>AEK Athens: <b>3.15</b> (13.6%)<br>Aris Thessaloniki: <b>0.85</b> (3.7%)<br>Atromitos FC: <b>0.6</b> (2.6%)<br>OFI Heraklion: <b>0.1</b> (0.4%)<br>Asteras Tripolis: <b>0.1</b> (0.4%)<br>Panathinaikos: <b>0</b> (0%)<br>","Greece: 0.125 points","Olympiakos Piraeus: <b>0.125</b> (100%, not out)<br>PAOK Thessaloniki: <b>0</b> (0%, not out)<br>Panathinaikos: <b>0</b> (0%, not out)<br>Aris Thessaloniki: <b>0</b> (0%, not out)<br>"
"Switzerland",23.175,"0.000","Switzerland: 23.175 points","Young Boys: <b>9.975</b> (43%)<br>FC Basel: <b>9.725</b> (42%)<br>FC Zürich: <b>1.4</b> (6%)<br>Servette FC: <b>0.75</b> (3.2%)<br>FC Lugano: <b>0.6</b> (2.6%)<br>FC Luzern: <b>0.4</b> (1.7%)<br>FC Sankt Gallen: <b>0.325</b> (1.4%)<br>FC Thun: <b>0</b> (0%)<br>","Switzerland: 0 points","FC Lugano: <b>0</b> (0%, not out)<br>FC Zürich: <b>0</b> (0%, not out)<br>Young Boys: <b>0</b> (0%, not out)<br>FC Basel: <b>0</b> (0%, not out)<br>"
"Czech Republic",22.55,"0.250","Czech Republic: 22.55 points","Slavia Praha: <b>10.9</b> (48.3%)<br>Viktoria Plzen: <b>4.05</b> (18%)<br>FK Jablonec: <b>2.4</b> (10.6%)<br>Sparta Praha: <b>2.3</b> (10.2%)<br>Slovan Liberec: <b>1.9</b> (8.4%)<br>Sigma Olomouc: <b>0.4</b> (1.8%)<br>Mladá Boleslav: <b>0.4</b> (1.8%)<br>1.FC Slovácko: <b>0.2</b> (0.9%)<br>","Czech Republic: 0.25 points","Viktoria Plzen: <b>0.25</b> (100%, not out)<br>1.FC Slovácko: <b>0</b> (0%, not out)<br>Slavia Praha: <b>0</b> (0%, not out)<br>Sparta Praha: <b>0</b> (0%, not out)<br>"
"Croatia",22.15,"0.125","Croatia: 22.15 points","GNK Dinamo: <b>16.125</b> (72.8%)<br>NK Rijeka: <b>2.95</b> (13.3%)<br>Hajduk Split: <b>1.525</b> (6.9%)<br>NK Osijek: <b>1.35</b> (6.1%)<br>Lokomotiva Zagreb: <b>0.2</b> (0.9%)<br>","Croatia: 0.125 points","GNK Dinamo: <b>0.125</b> (100%, not out)<br>NK Osijek: <b>0</b> (0%, not out)<br>NK Rijeka: <b>0</b> (0%, not out)<br>Hajduk Split: <b>0</b> (0%, not out)<br>"
"Denmark",22.025,"0.100","Denmark: 22.025 points","FC København: <b>11.7</b> (53.1%)<br>FC Midtjylland: <b>5.575</b> (25.3%)<br>Randers FC: <b>1.5</b> (6.8%)<br>Brøndby IF: <b>1.4</b> (6.4%)<br>FC Nordsjælland: <b>1</b> (4.5%)<br>AGF Aarhus: <b>0.6</b> (2.7%)<br>Esbjerg fB: <b>0.125</b> (0.6%)<br>SønderjyskE: <b>0.125</b> (0.6%)<br>Viborg FF: <b>0</b> (0%)<br>Silkeborg IF: <b>0</b> (0%)<br>","Denmark: 0.1 points","FC Midtjylland: <b>0.1</b> (100%, not out)<br>Viborg FF: <b>0</b> (0%, not out)<br>FC København: <b>0</b> (0%, not out)<br>Brøndby IF: <b>0</b> (0%, not out)<br>Silkeborg IF: <b>0</b> (0%, not out)<br>"
"Turkey",20.4,"0.100","Turkey: 20.4 points","Galatasaray: <b>7.1</b> (34.8%)<br>Istanbul Basaksehir: <b>3.5</b> (17.2%)<br>Besiktas: <b>3.4</b> (16.7%)<br>Fenerbahçe: <b>3.2</b> (15.7%)<br>Sivasspor: <b>1.5</b> (7.4%)<br>Trabzonspor: <b>0.9</b> (4.4%)<br>Yeni Malatyaspor: <b>0.5</b> (2.5%)<br>Akhisarspor: <b>0.2</b> (1%)<br>Alanyaspor: <b>0.1</b> (0.5%)<br>Konyaspor: <b>0</b> (0%)<br>","Turkey: 0.1 points","Fenerbahçe: <b>0.1</b> (100%, not out)<br>Konyaspor: <b>0</b> (0%, not out)<br>Sivasspor: <b>0</b> (0%, not out)<br>Istanbul Basaksehir: <b>0</b> (0%, not out)<br>Trabzonspor: <b>0</b> (0%, not out)<br>"
"Cyprus",19.575,"0.200","Cyprus: 19.575 points","APOEL Nicosia: <b>4.975</b> (25.4%)<br>Apollon Limassol: <b>4.75</b> (24.3%)<br>AEK Larnaca: <b>3.475</b> (17.8%)<br>Omonia Nicosia: <b>3.375</b> (17.2%)<br>Anorthosis Famagusta: <b>2.25</b> (11.5%)<br>AEL Limassol: <b>0.75</b> (3.8%)<br>Aris Limassol: <b>0</b> (0%)<br>","Cyprus: 0.2 points","AEK Larnaca: <b>0.1</b> (50%, not out)<br>APOEL Nicosia: <b>0.1</b> (50%, not out)<br>Aris Limassol: <b>0</b> (0%, not out)<br>Apollon Limassol: <b>0</b> (0%, not out)<br>Omonia Nicosia: <b>0</b> (0%, not out)<br>"
"Israel",18.875,"0.125","Israel: 18.875 points","Maccabi Tel-Aviv: <b>8.375</b> (44.4%)<br>Hapoel Beer-Sheva: <b>5.25</b> (27.8%)<br>Maccabi Haifa: <b>4.125</b> (21.9%)<br>Hapoel Haifa: <b>0.375</b> (2%)<br>Bnei Yehuda: <b>0.375</b> (2%)<br>Beitar Jerusalem: <b>0.25</b> (1.3%)<br>MS Ashdod: <b>0.125</b> (0.7%)<br>Maccabi Netanya: <b>0</b> (0%)<br>","Israel: 0.125 points","Maccabi Haifa: <b>0.125</b> (100%, not out)<br>Maccabi Tel-Aviv: <b>0</b> (0%, not out)<br>Maccabi Netanya: <b>0</b> (0%, not out)<br>Hapoel Beer-Sheva: <b>0</b> (0%, not out)<br>"
"Sweden",17.875,"0.375","Sweden: 17.875 points","Malmö FF: <b>11.25</b> (62.9%)<br>Hammarby IF: <b>1.5</b> (8.4%)<br>AIK Stockholm: <b>1.25</b> (7%)<br>IFK Norrköping: <b>1.125</b> (6.3%)<br>IF Elfsborg: <b>1.125</b> (6.3%)<br>BK Häcken: <b>0.75</b> (4.2%)<br>Djurgårdens IF: <b>0.75</b> (4.2%)<br>IFK Göteborg: <b>0.125</b> (0.7%)<br>","Sweden: 0.375 points","Malmö FF: <b>0.375</b> (100%, not out)<br>Djurgårdens IF: <b>0</b> (0%, not out)<br>IF Elfsborg: <b>0</b> (0%, not out)<br>AIK Stockholm: <b>0</b> (0%, not out)<br>"
"Bulgaria",16.375,"0.875","Bulgaria: 16.375 points","Ludogorets Razgrad: <b>8.625</b> (52.7%)<br>CSKA Sofia: <b>5.125</b> (31.3%)<br>Lokomotiv Plovdiv: <b>1.125</b> (6.9%)<br>Levski Sofia: <b>0.75</b> (4.6%)<br>Slavia Sofia: <b>0.625</b> (3.8%)<br>Botev Plovdiv: <b>0.125</b> (0.8%)<br>Arda Kardzhali: <b>0</b> (0%)<br>","Bulgaria: 0.875 points","Ludogorets Razgrad: <b>0.75</b> (85.7%, not out)<br>Botev Plovdiv: <b>0.125</b> (14.3%, not out)<br>CSKA Sofia: <b>0</b> (0%, not out)<br>Levski Sofia: <b>0</b> (0%, not out)<br>"
"Slovak Republic",15.5,"1.750","Slovakia: 15.5 points","Slovan Bratislava: <b>6.625</b> (42.7%)<br>Spartak Trnava: <b>3.5</b> (22.6%)<br>DAC Dunajska Streda: <b>2.25</b> (14.5%)<br>AS Trencín: <b>1.375</b> (8.9%)<br>MSK Zilina: <b>1.25</b> (8.1%)<br>MFK Ruzomberok: <b>0.5</b> (3.2%)<br>","Slovakia: 1.75 points","DAC Dunajska Streda: <b>0.75</b> (42.9%, not out)<br>Slovan Bratislava: <b>0.625</b> (35.7%, not out)<br>MFK Ruzomberok: <b>0.375</b> (21.4%, not out)<br>Spartak Trnava: <b>0</b> (0%, not out)<br>"
"Hungary",15.125,"0.375","Hungary: 15.125 points","Ferencváros: <b>7.75</b> (51.2%)<br>Videoton Fehérvár: <b>2.375</b> (15.7%)<br>FC Fehérvár: <b>1.75</b> (11.6%)<br>Honvéd Budapest: <b>1.625</b> (10.7%)<br>Újpest TE: <b>0.75</b> (5%)<br>Puskás Akadémia: <b>0.5</b> (3.3%)<br>DVSC Debrecen: <b>0.375</b> (2.5%)<br>Kisvárda FC: <b>0</b> (0%)<br>","Hungary: 0.375 points","Ferencváros: <b>0.375</b> (100%, not out)<br>Puskás Akadémia: <b>0</b> (0%, not out)<br>FC Fehérvár: <b>0</b> (0%, not out)<br>Kisvárda FC: <b>0</b> (0%, not out)<br>"
"Romania",14.5,"0.250","Romania: 14.5 points","CFR Cluj: <b>8.375</b> (57.8%)<br>FCSB: <b>3.375</b> (23.3%)<br>Universitatea Craiova: <b>1.25</b> (8.6%)<br>Viitorul Constanta: <b>0.75</b> (5.2%)<br>FC Botosani: <b>0.5</b> (3.4%)<br>Sepsi OSK: <b>0.25</b> (1.7%)<br>","Romania: 0.25 points","CFR Cluj: <b>0.25</b> (100%, not out)<br>Sepsi OSK: <b>0</b> (0%, not out)<br>FCSB: <b>0</b> (0%, not out)<br>Universitatea Craiova: <b>0</b> (0%, not out)<br>"
"Poland",14,"1.000","Poland: 14 points","Legia Warsaw: <b>5.625</b> (40.2%)<br>Lech Poznan: <b>2.875</b> (20.5%)<br>Piast Gliwice: <b>1.25</b> (8.9%)<br>Slask Wroclaw: <b>1.125</b> (8%)<br>Raków Czestochowa: <b>0.875</b> (6.2%)<br>Lechia Gdansk: <b>0.75</b> (5.4%)<br>Pogon Szczecin: <b>0.375</b> (2.7%)<br>Jagiellonia Bialystok: <b>0.375</b> (2.7%)<br>Cracovia Kraków: <b>0.375</b> (2.7%)<br>Górnik Zabrze: <b>0.375</b> (2.7%)<br>","Poland: 1 points","Lechia Gdansk: <b>0.5</b> (50%, not out)<br>Lech Poznan: <b>0.25</b> (25%, not out)<br>Pogon Szczecin: <b>0.25</b> (25%, not out)<br>Raków Czestochowa: <b>0</b> (0%, not out)<br>"
"Azerbaijan",13.125,"0.500","Azerbaijan: 13.125 points","Qarabag FK: <b>9.5</b> (72.4%)<br>Neftchi Baku: <b>2.625</b> (20%)<br>Kesla FK: <b>0.5</b> (3.8%)<br>Gabala FK: <b>0.25</b> (1.9%)<br>Sumgayit FK: <b>0.25</b> (1.9%)<br>Zira FK: <b>0</b> (0%)<br>Sabail FK: <b>0</b> (0%)<br>","Azerbaijan: 0.5 points","Qarabag FK: <b>0.5</b> (100%, not out)<br>Neftchi Baku: <b>0</b> (0%, not out)<br>Gabala FK: <b>0</b> (0%, not out)<br>Zira FK: <b>0</b> (0%, not out)<br>"
"Slovenia",11.75,"1.375","Slovenia: 11.75 points","NK Maribor: <b>3.25</b> (27.7%)<br>Mura Murska Sobota: <b>2.875</b> (24.5%)<br>Olimpija Ljubljana: <b>2.625</b> (22.3%)<br>NK Domzale: <b>1.875</b> (16%)<br>NK Celje: <b>0.625</b> (5.3%)<br>Rudar Velenje: <b>0.5</b> (4.3%)<br>NK Koper: <b>0</b> (0%)<br>","Slovenia: 1.375 points","NK Maribor: <b>0.5</b> (36.4%, not out)<br>Mura Murska Sobota: <b>0.5</b> (36.4%, not out)<br>Olimpija Ljubljana: <b>0.375</b> (27.3%, not out)<br>NK Koper: <b>0</b> (0%, not out)<br>"
"Kazakhstan",11.625,"0.125","Kazakhstan: 11.625 points","FK Astana: <b>5.125</b> (44.1%)<br>Kairat Almaty: <b>3.625</b> (31.2%)<br>Tobol Kustanai: <b>1.375</b> (11.8%)<br>Ordabasy Shymkent: <b>0.75</b> (6.5%)<br>Shakhtyor Karaganda: <b>0.5</b> (4.3%)<br>Kaysar Kyzylorda: <b>0.125</b> (1.1%)<br>Irtysh Pavlodar: <b>0.125</b> (1.1%)<br>FK Kyzylzhar: <b>0</b> (0%)<br>","Kazakhstan: 0.125 points","Tobol Kustanai: <b>0.125</b> (100%, not out)<br>FK Astana: <b>0</b> (0%, not out)<br>Kairat Almaty: <b>0</b> (0%, not out)<br>FK Kyzylzhar: <b>0</b> (0%, not out)<br>"
"Belarus",9.75,"0.500","Belarus: 9.75 points","BATE Borisov: <b>4.375</b> (44.9%)<br>Shakhtior Saligorsk: <b>2</b> (20.5%)<br>Dynamo Brest: <b>1.625</b> (16.7%)<br>Dinamo Minsk: <b>1.625</b> (16.7%)<br>FC Vitebsk: <b>0.125</b> (1.3%)<br>Torpedo Zhodino: <b>0</b> (0%)<br>FC Gomel: <b>0</b> (0%)<br>","Belarus: 0.5 points","Dinamo Minsk: <b>0.375</b> (75%, not out)<br>Shakhtior Saligorsk: <b>0.125</b> (25%, not out)<br>BATE Borisov: <b>0</b> (0%, not out)<br>FC Gomel: <b>0</b> (0%, not out)<br>"
"Moldova",9.75,"1.250","Moldova: 9.75 points","Sheriff Tiraspol: <b>7.375</b> (75.6%)<br>Petrocub Hîncesti: <b>1</b> (10.3%)<br>Milsami Orhei: <b>0.75</b> (7.7%)<br>Sfântul Gheorghe: <b>0.375</b> (3.8%)<br>Dinamo-Auto Tiraspol: <b>0.125</b> (1.3%)<br>Zaria Balti: <b>0.125</b> (1.3%)<br>Speranta Nisporeni: <b>0</b> (0%)<br>","Moldova: 1.25 points","Sheriff Tiraspol: <b>0.5</b> (40%, not out)<br>Petrocub Hîncesti: <b>0.375</b> (30%, not out)<br>Milsami Orhei: <b>0.375</b> (30%, not out)<br>Sfântul Gheorghe: <b>0</b> (0%, out)<br>"
"Kosovo",9.166,"1.000","Kosovo: 9.167 points","FC Drita: <b>3.333</b> (36.4%)<br>FC Prishtina: <b>3</b> (32.7%)<br>Feronikeli: <b>1.25</b> (13.6%)<br>SC Gjilani: <b>0.917</b> (10%)<br>FC Ballkani: <b>0.375</b> (4.1%)<br>KF Llapi: <b>0.292</b> (3.2%)<br>","Kosovo: 1 points","FC Ballkani: <b>0.375</b> (37.5%, not out)<br>FC Drita: <b>0.25</b> (25%, not out)<br>SC Gjilani: <b>0.25</b> (25%, out)<br>KF Llapi: <b>0.125</b> (12.5%, out)<br>"
"Bosnia and Herzegovina",8.875,"1.125","Bosnia-Herzegovina: 8.875 points","Zrinjski Mostar: <b>3.125</b> (35.2%)<br>FK Sarajevo: <b>1.875</b> (21.1%)<br>FK Borac Banja Luka: <b>1.125</b> (12.7%)<br>Velez Mostar: <b>0.875</b> (9.9%)<br>Zeljeznicar Sarajevo: <b>0.625</b> (7%)<br>Tuzla City: <b>0.5</b> (5.6%)<br>Siroki Brijeg: <b>0.5</b> (5.6%)<br>Radnik Bijeljina: <b>0.25</b> (2.8%)<br>","Bosnia-Herzegovina: 1.125 points","Tuzla City: <b>0.5</b> (44.4%, not out)<br>Zrinjski Mostar: <b>0.375</b> (33.3%, not out)<br>FK Borac Banja Luka: <b>0.25</b> (22.2%, out)<br>Velez Mostar: <b>0</b> (0%, not out)<br>"
"Latvia",8.875,"1.000","Latvia: 8.875 points","Riga FC: <b>3.375</b> (38%)<br>FK Ventspils: <b>1.5</b> (16.9%)<br>RFS Riga: <b>1.5</b> (16.9%)<br>FK Liepaja: <b>1.5</b> (16.9%)<br>Spartaks Jurmala: <b>0.75</b> (8.5%)<br>Valmieras FK: <b>0.25</b> (2.8%)<br>","Latvia: 1 points","Riga FC: <b>0.5</b> (50%, not out)<br>FK Liepaja: <b>0.25</b> (25%, not out)<br>RFS Riga: <b>0.25</b> (25%, not out)<br>Valmieras FK: <b>0</b> (0%, not out)<br>"
"Finland",8.75,"1.125","Finland: 8.75 points","HJK Helsinki: <b>3.75</b> (42.9%)<br>KuPS Kuopio: <b>3</b> (34.3%)<br>Inter Turku: <b>0.75</b> (8.6%)<br>Honka Espoo: <b>0.625</b> (7.1%)<br>Ilves Tampere: <b>0.25</b> (2.9%)<br>SJK Seinäjoki: <b>0.25</b> (2.9%)<br>FC Lahti: <b>0.125</b> (1.4%)<br>RoPS Rovaniemi: <b>0</b> (0%)<br>","Finland: 1.125 points","KuPS Kuopio: <b>0.375</b> (33.3%, not out)<br>Inter Turku: <b>0.25</b> (22.2%, out)<br>HJK Helsinki: <b>0.25</b> (22.2%, not out)<br>SJK Seinäjoki: <b>0.25</b> (22.2%, not out)<br>"
"Luxembourg",8.75,"0.875","Luxembourg: 8.75 points","F91 Dudelange: <b>4.5</b> (51.4%)<br>Progrès Niederkorn: <b>1.75</b> (20%)<br>CS Fola Esch: <b>1.625</b> (18.6%)<br>Differdange 03: <b>0.25</b> (2.9%)<br>Jeunesse d'Esch: <b>0.25</b> (2.9%)<br>Union Titus Pétange: <b>0.125</b> (1.4%)<br>Swift Hesperange: <b>0.125</b> (1.4%)<br>Racing Union Luxembourg: <b>0.125</b> (1.4%)<br>","Luxembourg: 0.875 points","F91 Dudelange: <b>0.75</b> (85.7%, not out)<br>Differdange 03: <b>0.125</b> (14.3%, out)<br>Racing Union Luxembourg: <b>0</b> (0%, not out)<br>CS Fola Esch: <b>0</b> (0%, out)<br>"
"Lithuania",8.5,"0.875","Lithuania: 8.5 points","Suduva Marijampole: <b>3.125</b> (36.8%)<br>Zalgiris Vilnius: <b>2.75</b> (32.4%)<br>FK Trakai: <b>0.875</b> (10.3%)<br>FK Riteriai: <b>0.75</b> (8.8%)<br>Kauno Zalgiris: <b>0.625</b> (7.4%)<br>Stumbras Kaunas: <b>0.25</b> (2.9%)<br>FK Panevezys: <b>0.125</b> (1.5%)<br>","Lithuania: 0.875 points","Zalgiris Vilnius: <b>0.625</b> (71.4%, not out)<br>Kauno Zalgiris: <b>0.125</b> (14.3%, out)<br>FK Panevezys: <b>0.125</b> (14.3%, out)<br>Suduva Marijampole: <b>0</b> (0%, not out)<br>"
"Northern Ireland",8.208,"0.875","Northern Ireland: 8.208 points","Linfield Belfast: <b>3</b> (36.5%)<br>Coleraine: <b>1.292</b> (15.7%)<br>Larne FC: <b>1.25</b> (15.2%)<br>Crusaders Belfast: <b>0.875</b> (10.7%)<br>Glentoran: <b>0.792</b> (9.6%)<br>Cliftonville: <b>0.375</b> (4.6%)<br>Ballymena United: <b>0.375</b> (4.6%)<br>Glenavon: <b>0.25</b> (3%)<br>","Northern Ireland: 0.875 points","Linfield Belfast: <b>0.5</b> (57.1%, not out)<br>Crusaders Belfast: <b>0.25</b> (28.6%, not out)<br>Larne FC: <b>0.125</b> (14.3%, out)<br>Cliftonville: <b>0</b> (0%, out)<br>"
"Armenia",8.125,"0.625","Armenia: 8.125 points","Alashkert FC: <b>2.625</b> (32.3%)<br>Ararat-Armenia: <b>2.25</b> (27.7%)<br>Pyunik Yerevan: <b>1.875</b> (23.1%)<br>Ararat Yerevan: <b>0.625</b> (7.7%)<br>FC Noah: <b>0.375</b> (4.6%)<br>Gandzasar Kapan: <b>0.25</b> (3.1%)<br>Shirak Gyumri: <b>0.125</b> (1.5%)<br>Urartu FC: <b>0</b> (0%)<br>Banants Yerevan: <b>0</b> (0%)<br>","Armenia: 0.625 points","Alashkert FC: <b>0.25</b> (40%, out)<br>Pyunik Yerevan: <b>0.25</b> (40%, not out)<br>Ararat Yerevan: <b>0.125</b> (20%, out)<br>Ararat-Armenia: <b>0</b> (0%, not out)<br>"
"Faeroe Is.",7.875,"1.375","Faroe Islands: 7.875 points","KI Klaksvik: <b>2.958</b> (37.6%)<br>B36 Torshavn: <b>2</b> (25.4%)<br>HB Torshavn: <b>1.625</b> (20.6%)<br>NSI Runavik: <b>0.792</b> (10.1%)<br>Víkingur: <b>0.5</b> (6.3%)<br>","Faroe Islands: 1.375 points","Víkingur: <b>0.5</b> (36.4%, not out)<br>KI Klaksvik: <b>0.375</b> (27.3%, not out)<br>HB Torshavn: <b>0.25</b> (18.2%, out)<br>B36 Torshavn: <b>0.25</b> (18.2%, not out)<br>"
"Georgia",7.625,"0.750","Georgia: 7.625 points","Dinamo Tbilisi: <b>2.125</b> (27.9%)<br>Chikhura Sachkhere: <b>1.125</b> (14.8%)<br>Dinamo Batumi: <b>1.125</b> (14.8%)<br>Torpedo Kutaisi: <b>1</b> (13.1%)<br>Lokomotivi Tbilisi: <b>0.875</b> (11.5%)<br>Saburtalo Tbilisi: <b>0.875</b> (11.5%)<br>Dila Gori: <b>0.375</b> (4.9%)<br>Gagra Tbilisi: <b>0.125</b> (1.6%)<br>Samtredia: <b>0</b> (0%)<br>","Georgia: 0.75 points","Dinamo Tbilisi: <b>0.25</b> (33.3%, out)<br>Saburtalo Tbilisi: <b>0.25</b> (33.3%, not out)<br>Dinamo Batumi: <b>0.125</b> (16.7%, not out)<br>Dila Gori: <b>0.125</b> (16.7%, out)<br>"
"Ireland",7.625,"0.625","Ireland: 7.625 points","Dundalk: <b>3.125</b> (41%)<br>Shamrock Rovers: <b>2.25</b> (29.5%)<br>Bohemians Dublin: <b>1.375</b> (18%)<br>Derry City: <b>0.375</b> (4.9%)<br>Cork City: <b>0.25</b> (3.3%)<br>Sligo Rovers: <b>0.25</b> (3.3%)<br>St. Patrick's Athletic: <b>0</b> (0%)<br>","Ireland: 0.625 points","Shamrock Rovers: <b>0.375</b> (60%, not out)<br>Sligo Rovers: <b>0.25</b> (40%, not out)<br>St. Patrick's Athletic: <b>0</b> (0%, not out)<br>Derry City: <b>0</b> (0%, out)<br>"
"Estonia",7.082,"0.666","Estonia: 7.083 points","Flora Tallinn: <b>4.958</b> (70%)<br>Levadia Tallinn: <b>1.042</b> (14.7%)<br>Kalju Nomme: <b>0.625</b> (8.8%)<br>Paide Linnameeskond: <b>0.458</b> (6.5%)<br>Trans Narva: <b>0</b> (0%)<br>","Estonia: 0.667 points","Flora Tallinn: <b>0.333</b> (50%, out)<br>Paide Linnameeskond: <b>0.333</b> (50%, not out)<br>Levadia Tallinn: <b>0</b> (0%, not out)<br>"
"Malta",6.75,"1.125","Malta: 6.75 points","Hibernians FC: <b>1.625</b> (24.1%)<br>Gzira United: <b>1.5</b> (22.2%)<br>Valletta FC: <b>0.875</b> (13%)<br>Floriana: <b>0.875</b> (13%)<br>Birkirkara: <b>0.75</b> (11.1%)<br>Balzan FC: <b>0.5</b> (7.4%)<br>Mosta FC: <b>0.25</b> (3.7%)<br>Hamrun Spartans: <b>0.25</b> (3.7%)<br>Sirens FC: <b>0.125</b> (1.9%)<br>","Malta: 1.125 points","Gzira United: <b>0.375</b> (33.3%, not out)<br>Hibernians FC: <b>0.375</b> (33.3%, not out)<br>Hamrun Spartans: <b>0.25</b> (22.2%, not out)<br>Floriana: <b>0.125</b> (11.1%, out)<br>"
"Iceland",6.083,"1.833","Iceland: 6.083 points","Breidablik: <b>1.792</b> (29.5%)<br>FH Hafnarfjardar: <b>1.125</b> (18.5%)<br>Vikingur Reykjavik: <b>0.958</b> (15.8%)<br>Valur Reykjavik: <b>0.875</b> (14.4%)<br>KR Reykjavik: <b>0.708</b> (11.6%)<br>Stjarnan FC: <b>0.625</b> (10.3%)<br>IBV Vestmannaeyjar: <b>0</b> (0%)<br>","Iceland: 1.833 points","Vikingur Reykjavik: <b>0.833</b> (45.5%, not out)<br>Breidablik: <b>0.667</b> (36.4%, not out)<br>KR Reykjavik: <b>0.333</b> (18.2%, out)<br>"
"Albania",6,"0.625","Albania: 6 points","KF Laçi: <b>1.75</b> (29.2%)<br>FK Kukësi: <b>1.25</b> (20.8%)<br>Teuta Durrës: <b>1</b> (16.7%)<br>Partizani Tirana: <b>1</b> (16.7%)<br>KF Tirana: <b>0.625</b> (10.4%)<br>Vllaznia Shkodër: <b>0.25</b> (4.2%)<br>Luftëtari Gjirokastër: <b>0.125</b> (2.1%)<br>","Albania: 0.625 points","KF Laçi: <b>0.375</b> (60%, not out)<br>Partizani Tirana: <b>0.25</b> (40%, out)<br>Vllaznia Shkodër: <b>0</b> (0%, not out)<br>KF Tirana: <b>0</b> (0%, not out)<br>"
"Wales",6,"1.000","Wales: 6 points","The New Saints: <b>3.083</b> (51.4%)<br>Bala Town: <b>1.083</b> (18.1%)<br>Connah's Quay: <b>0.875</b> (14.6%)<br>Newtown: <b>0.333</b> (5.6%)<br>Barry Town: <b>0.25</b> (4.2%)<br>Cardiff MU: <b>0.25</b> (4.2%)<br>Cefn Druids: <b>0.125</b> (2.1%)<br>","Wales: 1 points","Newtown: <b>0.333</b> (33.3%, not out)<br>Bala Town: <b>0.333</b> (33.3%, out)<br>The New Saints: <b>0.333</b> (33.3%, not out)<br>"
"Gibraltar",5.791,"0.875","Gibraltar: 5.792 points","Lincoln Red Imps: <b>2.792</b> (48.2%)<br>St Joseph's FC: <b>1.5</b> (25.9%)<br>Europa FC: <b>1.125</b> (19.4%)<br>FCB Magpies: <b>0.25</b> (4.3%)<br>Mons Calpe: <b>0.125</b> (2.2%)<br>","Gibraltar: 0.875 points","St Joseph's FC: <b>0.375</b> (42.9%, not out)<br>Lincoln Red Imps: <b>0.25</b> (28.6%, not out)<br>FCB Magpies: <b>0.25</b> (28.6%, out)<br>Europa FC: <b>0</b> (0%, out)<br>"
"Andorra",4.999,"0.500","Andorra: 5 points","FC Santa Coloma: <b>1.667</b> (33.3%)<br>UE Engordany: <b>1.333</b> (26.7%)<br>Inter Club d'Escaldes: <b>1.167</b> (23.3%)<br>Sant Julià: <b>0.667</b> (13.3%)<br>Atlètic Club d'Escaldes: <b>0.167</b> (3.3%)<br>UE Santa Coloma: <b>0</b> (0%)<br>","Andorra: 0.5 points","Inter Club d'Escaldes: <b>0.333</b> (66.7%, not out)<br>Atlètic Club d'Escaldes: <b>0.167</b> (33.3%, out)<br>UE Santa Coloma: <b>0</b> (0%, out)<br>"
"North Macedonia",4.625,"0.750","North Macedonia: 4.625 points","Shkendija Tetovo: <b>2.25</b> (48.6%)<br>FK Shkupi: <b>1.125</b> (24.3%)<br>Renova Dzepciste: <b>0.5</b> (10.8%)<br>Sileks Kratovo: <b>0.375</b> (8.1%)<br>Rabotnicki Skopje: <b>0.25</b> (5.4%)<br>FC Struga: <b>0.125</b> (2.7%)<br>Vardar Skopje: <b>0</b> (0%)<br>Makedonija GjP: <b>0</b> (0%)<br>Akademija Pandev: <b>0</b> (0%)<br>","North Macedonia: 0.75 points","FK Shkupi: <b>0.375</b> (50%, not out)<br>Shkendija Tetovo: <b>0.375</b> (50%, not out)<br>Makedonija GjP: <b>0</b> (0%, not out)<br>Akademija Pandev: <b>0</b> (0%, out)<br>"
"Liechtenstein",4.5,"0.000","Liechtenstein: 4.5 points","FC Vaduz: <b>4.5</b> (100%)<br>","Liechtenstein: 0 points","FC Vaduz: <b>0</b> (0%, not out)<br>"
"Montenegro",4.5,"0.750","Montenegro: 4.5 points","Buducnost Podgorica: <b>1.625</b> (36.1%)<br>Sutjeska Niksic: <b>1.125</b> (25%)<br>Zeta Golubovci: <b>0.625</b> (13.9%)<br>Iskra Danilovgrad: <b>0.5</b> (11.1%)<br>OFK Titograd: <b>0.25</b> (5.6%)<br>FK Podgorica: <b>0.25</b> (5.6%)<br>Decic Tuzi: <b>0.125</b> (2.8%)<br>Rudar Pljevlja: <b>0</b> (0%)<br>","Montenegro: 0.75 points","Buducnost Podgorica: <b>0.375</b> (50%, not out)<br>Iskra Danilovgrad: <b>0.125</b> (16.7%, out)<br>Sutjeska Niksic: <b>0.125</b> (16.7%, not out)<br>Decic Tuzi: <b>0.125</b> (16.7%, out)<br>"
"San Marino",1.832,"0.666","San Marino: 1.833 points","Tre Fiori: <b>1.167</b> (63.6%)<br>La Fiorita: <b>0.333</b> (18.2%)<br>Tre Penne: <b>0.167</b> (9.1%)<br>Folgore: <b>0.167</b> (9.1%)<br>","San Marino: 0.667 points","Tre Fiori: <b>0.667</b> (100%, not out)<br>Tre Penne: <b>0</b> (0%, out)<br>La Fiorita: <b>0</b> (0%, not out)<br>"
